[
{
  "model": "webapp.author",
  "pk": 1,
  "fields": {
    "full_name": "Eric Arthur Blair",
    "birth_date": "1903-05-25",
    "death_date": "1950-01-21",
    "biography": "Has a good personality123",
    "photography": "images/170px-George-orwell-BBC_7afyWvg.jpg",
    "is_deleted": false
  }
},
{
  "model": "webapp.author",
  "pk": 2,
  "fields": {
    "full_name": "Charles Michael Palahniuk",
    "birth_date": "1962-02-21",
    "death_date": null,
    "biography": "Postmodern",
    "photography": "images/Yi7tLP5r.jpg",
    "is_deleted": false
  }
},
{
  "model": "webapp.author",
  "pk": 3,
  "fields": {
    "full_name": "John Street Doe",
    "birth_date": "1903-05-25",
    "death_date": "1950-01-21",
    "biography": "1234",
    "photography": "",
    "is_deleted": false
  }
},
{
  "model": "webapp.book",
  "pk": 1,
  "fields": {
    "name": "Fight Club",
    "author": 2,
    "published_date": "1996",
    "file": "texts/Fight_Club_Annotation.docx",
    "cover": "covers/download.jpeg",
    "description": "Fight Club is a 1996 novel by Chuck Palahniuk. It follows the experiences of an unnamed protagonist struggling with insomnia. Inspired by his doctor's exasperated remark that insomnia is not suffering, the protagonist finds relief by impersonating a seriously ill person in several support groups. Then he meets a mysterious man named Tyler Durden and establishes an underground fighting club as radical psychotherapy."
  }
},
{
  "model": "webapp.book",
  "pk": 2,
  "fields": {
    "name": "1984",
    "author": 1,
    "published_date": "1949",
    "file": "texts/1984.docx",
    "cover": "covers/514CVwOrybL.jpg",
    "description": "Nineteen Eighty-Four, often published as 1984, is a dystopian novel by English writer George Orwell published in June 1949, whose themes centre on the risks of government overreach, totalitarianism and repressive regimentation of all persons and behaviours within society.[2][3] The novel is set in an imagined future, the year 1984, when much of the world has fallen victim to perpetual war, omnipresent government surveillance123124."
  }
},
{
  "model": "webapp.book",
  "pk": 7,
  "fields": {
    "name": "\u041d\u043e\u0432\u0430\u044f \u041a\u043d\u0438\u0433\u0430",
    "author": 3,
    "published_date": "1990",
    "file": "",
    "cover": "",
    "description": "Cool Book"
  }
},
{
  "model": "auth.group",
  "pk": 1,
  "fields": {
    "name": "Administration",
    "permissions": [
      [
        "add_author",
        "webapp",
        "author"
      ],
      [
        "change_author",
        "webapp",
        "author"
      ],
      [
        "delete_author",
        "webapp",
        "author"
      ],
      [
        "add_book",
        "webapp",
        "book"
      ],
      [
        "change_book",
        "webapp",
        "book"
      ],
      [
        "delete_book",
        "webapp",
        "book"
      ]
    ]
  }
},
{
  "model": "auth.user",
  "pk": 1,
  "fields": {
    "password": "pbkdf2_sha256$150000$O5DjtXhPmw5y$SbD6V0mbqEWmY4+RMHc8qJvAuRYjDxt5qxTymHwtS0Q=",
    "last_login": "2019-06-29T14:38:02.524Z",
    "is_superuser": true,
    "username": "admin",
    "first_name": "",
    "last_name": "",
    "email": "",
    "is_staff": true,
    "is_active": true,
    "date_joined": "2019-06-29T04:42:20.193Z",
    "groups": [],
    "user_permissions": []
  }
},
{
  "model": "auth.user",
  "pk": 2,
  "fields": {
    "password": "pbkdf2_sha256$150000$S5gomaIh9phy$qVq/v16mksSmPCVCxqLE/JXLUoD7+eVV4rZocXW86J4=",
    "last_login": "2019-06-29T13:31:05Z",
    "is_superuser": false,
    "username": "book_reader",
    "first_name": "John",
    "last_name": "Doe",
    "email": "john@gmail.com",
    "is_staff": false,
    "is_active": true,
    "date_joined": "2019-06-29T13:23:04Z",
    "groups": [],
    "user_permissions": []
  }
},
{
  "model": "auth.user",
  "pk": 3,
  "fields": {
    "password": "pbkdf2_sha256$150000$LG86POfkSqX6$HD+5ClOc69p9KGnhare67U1cyC33PX4Y8RqSDuYBJXA=",
    "last_login": "2019-06-29T16:08:36.283Z",
    "is_superuser": false,
    "username": "book_admin",
    "first_name": "Vasilii",
    "last_name": "Pupkin",
    "email": "vasya@gmail.com",
    "is_staff": false,
    "is_active": true,
    "date_joined": "2019-06-29T13:32:50Z",
    "groups": [
      [
        "Administration"
      ]
    ],
    "user_permissions": []
  }
},
{
  "model": "webapp.usersbookshelf",
  "pk": 1,
  "fields": {
    "user": [
      "book_reader"
    ],
    "book": [
      2
    ]
  }
},
{
  "model": "webapp.usersbookshelf",
  "pk": 2,
  "fields": {
    "user": [
      "book_admin"
    ],
    "book": [
      1,
      7
    ]
  }
}
]
